[1,["ecpdLyjvZBwrvm+cedCcQy","e97GVMl6JHh5Ml5qEDdSGa","95yFtHq9VP8b9/fsfLtuWW","29FYIk+N1GYaeWH/q1NxQO","59FPBWtsFLvZebkrW3Icf0","71VhFCTINJM6/Ky3oX9nBT","619FVF+MtGHqekDcVR0dAE","d7k0Ual5VEf7jmAKLioXIY","93yTll09REg6luSX4bJD28","ec8qcqf2tJbaMzRZEtKO/N","8cLoFyZapNX61iU4Pj8fk5","0aCnNPNjNLfoSA4BxSy5tv","b4P/PCArtIdIH38t6mlw8Y"],["node","_spriteFrame","_textureSetter","_N$target","_N$normalSprite","_N$pressedSprite","_N$hoverSprite","_N$disabledSprite","inputName","scene","_parent"],[["cc.Node",["_name","_zIndex","_id","_components","_parent","_contentSize","_children","_trs"],0,9,1,5,2,7],["cc.Node",["_name","_zIndex","_active","_parent","_components","_contentSize","_trs","_anchorPoint","_children","_color"],0,1,2,5,7,5,2,5],["cc.Sprite",["_sizeMode","_type","node","_materials","_spriteFrame"],1,1,3,6],"cc.SpriteFrame",["cc.Widget",["_alignFlags","alignMode","node"],1,1],["cc.ClickEvent",["handler","component","_componentId","target"],0,1],["cc.Label",["_srcBlendFactor","_fontSize","_lineHeight","_enableWrapText","_N$verticalAlign","_N$overflow","_string","node","_materials"],-4,1,3],["cc.SceneAsset",["_name","asyncLoadAssets"],1],["cc.Canvas",["node","_designResolution"],3,1,5],["3f4f5UIF8VLDrReUDEcZGgw",["node","inputName"],3,1,1],["cc.Button",["zoomScale","_N$transition","node","clickEvents","_N$pressedColor","_N$disabledColor","_N$target","_N$normalSprite","_N$pressedSprite","_N$hoverSprite","_N$disabledSprite"],1,1,9,5,5,1,6,6,6,6],["85828i1gn9MEoZl2e+F39PS",["scaleMethod","node"],2,1],["cc.Scene",["_name","_zIndex","_children","_anchorPoint","_trs"],1,2,5,7],["cc.Camera",["_clearFlags","_depth","node"],1,1],["cc.EditBox",["returnType","maxLength","_N$inputFlag","_N$inputMode","node","_N$textLabel","_N$placeholderLabel","_N$background"],-1,1,1,1,1]],[[0,0,1,4,3,5,7,3],[2,2,3,4,1],[0,0,1,4,3,5,3],[2,1,0,2,3,4,3],[10,0,1,2,3,4,5,6,7,8,9,10,3],[7,0,1,3],[0,0,1,2,6,3,5,7,4],[0,0,1,4,6,3,3],[0,0,1,4,6,3,5,7,3],[0,0,1,4,3,3],[1,0,1,3,8,4,5,6,3],[1,0,1,3,4,5,3],[1,0,2,1,3,4,5,7,6,4],[1,0,1,3,4,9,5,7,6,3],[8,0,1,1],[4,0,2,2],[4,1,0,2,3],[9,0,1,1],[2,0,2,3,4,2],[2,1,0,2,3,3],[5,1,0,3,3],[5,2,0,3,3],[11,0,1,2],[12,0,1,2,3,4,3],[13,0,1,2,3],[6,0,1,2,3,4,5,7,7],[6,0,6,1,2,3,4,5,7,8,8],[14,0,1,2,3,4,5,6,7,5]],[[[{"name":"default_btn_disabled","rect":[0,0,40,40],"offset":[0,0],"originalSize":[40,40],"capInsets":[12,12,12,12]}],[3],0,[0],[2],[5]],[[[5,"CreateRole",null],[6,"Canvas",0,"0f2c8smwYZKEJ4u6D8Sr0s/",[-5,-6,-7],[[14,-1,[5,1280,720]],[15,45,-2],[17,-4,-3]],[5,1280,720],[640,360,0,0,0,0,1,1,1,1]],[7,"center",0,1,[-9,-10,-11,-12,-13,-14],[[16,2,16,-8]]],[10,"inputName",0,2,[-16,-17,-18],[-15],[5,400,70],[0,-125,0,0,0,0,1,1,1,1]],[8,"btnConfirm",0,2,[-22],[[3,1,2,-19,[14],15],[4,0.95,3,-21,[[20,"CreateRole","onBtnConfirmClicked",1]],[4,4289045925],[4,4294967295],-20,16,17,18,19]],[5,288,77],[3,-249,0,0,0,0,1,1,1,0]],[0,"btnRandom",0,2,[[3,1,2,-23,[6],7],[4,0.95,3,-25,[[21,"3f4f5UIF8VLDrReUDEcZGgw","onRandomBtnClicked",1]],[4,4291019715],[4,4285493103],-24,8,9,10,11]],[5,51,55],[272,-129,0,0,0,0,1,1,1,0]],[2,"hall_list_bg",0,1,[[1,-26,[0],1],[22,1,-27]],[5,1280,720]],[23,"New Node",0,[1],[0,0,0],[0,0,0,0,0,0,1,1,1,1]],[9,"Main Camera",0,1,[[24,7,-1,-28]]],[0,"women_head",0,2,[[18,2,-29,[2],3]],[5,102,102],[0,144,0,0,0,0,1,2,2,1]],[11,"BACKGROUND_SPRITE",0,3,[-30],[5,400,70]],[19,1,0,10,[4]],[12,"TEXT_LABEL",false,0,3,[-31],[5,398,70],[0,0,1],[-198,35,0,0,0,0,1,1,1,1]],[25,1,60,70,false,1,1,12],[13,"PLACEHOLDER_LABEL",0,3,[-32],[4,4288059030],[5,398,70],[0,0,1],[-198,35,0,0,0,0,1,1,1,1]],[26,1,"Lucy",60,70,false,1,1,14,[5]],[27,1,8,3,6,3,13,15,11],[2,"PopupScene22",0,4,[[1,-33,[12],13]],[5,98,47]],[0,"sex_man",0,2,[[1,-34,[20],21]],[5,45,46],[-80,-27,0,0,0,0,1,2.01,2.01,1]],[0,"sex_women",0,2,[[1,-35,[22],23]],[5,45,46],[80,-27,0,0,0,0,1,1.9,1.9,1]]],0,[0,0,1,0,0,1,0,8,16,0,0,1,0,-1,8,0,-2,6,0,-3,2,0,0,2,0,-1,9,0,-2,3,0,-3,5,0,-4,4,0,-5,18,0,-6,19,0,-1,16,0,-1,10,0,-2,12,0,-3,14,0,0,4,0,3,4,0,0,4,0,-1,17,0,0,5,0,3,5,0,0,5,0,0,6,0,0,6,0,0,8,0,0,9,0,-1,11,0,-1,13,0,-1,15,0,0,17,0,0,18,0,0,19,0,9,7,1,10,7,35],[0,0,0,0,0,0,0,0,0,0,0,0,0,0,0,0,0,0,0,0,0,0,0,0,11],[-1,1,-1,1,-1,-1,-1,1,4,5,6,7,-1,1,-1,1,4,5,6,7,-1,1,-1,1,1],[0,6,0,7,0,0,0,2,2,1,1,3,0,8,0,4,4,1,1,3,0,9,0,10,11]],[[{"name":"default_btn_pressed","rect":[0,0,40,40],"offset":[0,0],"originalSize":[40,40],"capInsets":[12,12,12,12]}],[3],0,[0],[2],[12]]]]