[1,["ecpdLyjvZBwrvm+cedCcQy","8fiwMeSK1IFI6wDlHClhgx","e7sXF03DdAfozTCbRAx9id","55gw9Noh1KmKfEo/sAbD1C","59eIQ5XQxBJIQrRNA+IfG9","b1hRiGZlRI+LvaIvdi0+Oz","0dUw3ifGlAe6geWPiqNekq","fb1PWFS59IP4KrAghbkrOO","d5EZ1nUiREA4EwWhtQEoKA","aaUu8hdalFrJclr79HPfC3","cbEM/EAIhLxY87oq8A+4ix","cfdjnVP1RBYJTmASmNNf0C","aaM94Dm1VFnbWwjnxvsgsA","9aAV/085tBpbwf//ctr822","a8VugHwTJOkb2huVoFkykb","61tMwjEtVF7qMCsV1UrK9M","9bvaMerUlDyary99mJa6xp","39f3AoIiVDvZw4gPhXpGTL","feDT/Vdg1NEZU90O6sOGPr","f0XwySZr9AIq2QJPWfVgiJ","58GQDUhJBOSY/leoAf1gSi","9eVv6v/P1KwYN/P5RIWxgW","d8HsitJHxOYqo801xBk8ev","573u7bCxNOCqtONCFlw+Sr","69cZBS9vlPzZycNxnB35sy","333Flqa9JOB6FhCHMmix3G","f9O0+aku1Fd4k6olbgPoE2","31qjsPEz5P5J2v9cJn2MjR","93yTll09REg6luSX4bJD28","59FPBWtsFLvZebkrW3Icf0","30ag0WCfVMAJvbDcU8AJkM","3eacCS0qZHqLVG3W/3tMhG","38dE3PjQFAtYaL50AU143N","03pmYK7nZIloZzD5ueZaHA","71jpi9UitP8LXN6VWqDWIL","5d8PtCZ89N+IukU571Ojun","33qH5jg+dPmKQOlv7s4GaX","30IgFB3OpLLILq9pMrcDq9","4fsdZqgsFIX5fjzer1lIMa"],["node","_spriteFrame","_N$target","_N$normalSprite","_textureSetter","_parent","root","checkbox12Rounds","checkbox6Rounds","createRoomWindow","waitingConnection","lblContent","target","scene","uncheckedSprite","checkedSprite"],[["cc.Node",["_name","_active","_id","_opacity","_components","_contentSize","_parent","_children","_trs","_prefab","_color"],-1,9,5,1,2,7,4,5],["cc.Button",["_N$transition","zoomScale","node","_N$target","clickEvents","_N$normalColor","_N$normalSprite","_N$pressedColor"],1,1,1,9,5,6,5],["cc.Widget",["_alignFlags","_top","_left","_right","_bottom","_originalHeight","_originalWidth","_enabled","node"],-5,1],"cc.SpriteFrame",["cc.Sprite",["_sizeMode","_type","node","_materials","_spriteFrame"],1,1,3,6],["cc.Label",["_N$verticalAlign","_string","_fontSize","_lineHeight","_N$horizontalAlign","_srcBlendFactor","_N$overflow","node","_materials"],-4,1,3],["cc.Node",["_name","_parent","_components","_contentSize","_trs"],2,1,12,5,7],["cc.PrefabInfo",["fileId","root"],2,1],["cc.SceneAsset",["_name","asyncLoadAssets"],1],["cc.Node",["_name","_parent","_components","_prefab","_color","_contentSize","_trs"],2,1,2,4,5,5,7],["10a1c8jz95Ju4NnpkOWUfin",["node","nums"],3,1,2],["cc.Canvas",["node","_designResolution"],3,1,5],["f9323NccwJOxolqgGoVJwiy",["node","waitingConnection","joinGameWindow","createRoomWindow","checkbox6Rounds","checkbox12Rounds","uncheckedSprite","checkedSprite"],3,1,1,1,1,1,1,6,6],["8d711wD+99JZLDcFizBmkPy",["node"],3,1],["9c66cFYHNNLg710XrNY7p24",["node","target","lblContent"],3,1,1,1],["cc.ToggleGroup",["node"],3,1],["cc.ClickEvent",["_componentId","handler","target"],1,1],["85828i1gn9MEoZl2e+F39PS",["scaleMethod","node"],2,1],["cc.Layout",["node","_layoutSize"],3,1,5],["cc.Scene",["_name","_active","_children","_anchorPoint","_trs"],1,2,5,7],["cc.Camera",["_clearFlags","_depth","node"],1,1]],[[7,0,1,2],[4,2,3,4,1],[16,0,1,2,3],[0,0,6,4,9,10,5,8,2],[1,0,2,4,5,3,6,2],[5,1,4,0,7,8,4],[9,0,1,2,3,4,5,6,2],[4,1,0,2,3,4,3],[0,0,6,4,5,8,2],[0,0,6,4,9,5,2],[1,2,4,3,1],[0,0,6,4,9,5,8,2],[7,1,1],[0,0,6,4,10,5,8,2],[0,0,6,4,5,2],[0,0,3,6,4,9,5,3],[2,0,8,2],[2,0,1,8,3],[1,2,5,3,1],[1,1,0,2,4,5,3,3],[1,0,2,3,2],[4,2,3,1],[5,5,1,2,3,0,7,8,6],[18,0,1,1],[8,0,1,3],[0,0,1,7,4,9,3],[0,0,2,7,4,5,8,3],[0,0,1,6,7,4,9,10,5,3],[0,0,6,7,4,9,10,5,2],[0,0,6,7,9,2],[0,0,7,4,8,2],[0,0,7,4,5,8,2],[0,0,6,7,4,5,8,2],[0,0,4,5,8,2],[0,0,1,6,7,5,8,3],[0,0,6,7,4,5,2],[0,0,6,7,4,9,5,2],[0,0,6,4,2],[0,0,1,6,4,5,3],[6,0,1,2,3,2],[6,0,1,2,3,4,2],[10,0,1,1],[11,0,1,1],[2,0,2,4,5,8,5],[2,0,3,8,3],[2,0,3,1,8,4],[2,0,2,3,1,4,6,5,8,8],[2,7,0,8,3],[2,0,2,1,8,4],[12,0,1,2,3,4,5,6,7,1],[13,0,1],[1,1,0,2,4,3],[1,1,0,2,4,3,3],[1,0,2,4,5,7,3,6,2],[1,1,0,2,4,5,3,6,3],[14,0,1,2,1],[15,0,1],[4,0,2,3,4,2],[5,2,3,4,0,6,7,8,6],[5,1,2,3,4,0,7,8,6],[17,0,1,2],[19,0,1,2,3,4,3],[20,0,1,2,3]],[[[{"name":"btn_enter_room","rect":[0,0,383,159],"offset":[0,0],"originalSize":[383,159],"capInsets":[0,0,0,0]}],[3],0,[0],[4],[18]],[[{"name":"setting","rect":[2,2,758,480],"offset":[-93,0],"originalSize":[948,484],"capInsets":[0,0,0,0]}],[3],0,[0],[4],[19]],[[{"name":"bg2","rect":[0,0,1280,720],"offset":[0,0],"originalSize":[1280,720],"capInsets":[0,0,0,0]}],[3],0,[0],[4],[20]],[[{"name":"btn_create_room","rect":[0,0,383,159],"offset":[0,0],"originalSize":[383,159],"capInsets":[0,0,0,0]}],[3],0,[0],[4],[21]],[[{"name":"default_panel","rect":[0,0,20,20],"offset":[0,0],"originalSize":[20,20],"capInsets":[6,6,6,6]}],[3],0,[0],[4],[22]],[[[24,"RoomChoice",null],[25,"JoinGame",false,[-8,-9,-10,-11,-12,-13,-14,-15],[[41,-7,[-2,-3,-4,-5,-6]]],[12,-1]],[26,"Canvas","5b5AYzmk9IHY1ki0yiGRNq",[-24,-25,-26,-27,-28,1,-29,-30],[[42,-16,[5,1280,720]],[16,45,-17],[49,-22,-21,1,-20,-19,-18,94,95],[50,-23]],[5,1280,720],[640,360,0,0,0,0,1,1,1,1]],[27,"alert",false,2,[-34,-35,-36,-37,-38,-39],[[18,-33,[4,4292269782],-32]],[12,-31],[4,4278190080],[5,1280,720]],[28,"WaitingConnection",2,[-46,-47,-48,-49,-50],[[18,-42,[4,4292269782],-41],[55,-45,-44,-43]],[12,-40],[4,4278190080],[5,1280,720]],[29,"New Node",1,[-51,-52,-53,-54,-55,-56,-57,-58,-59,-60,-61,-62],[0,"6eTpir1ElBo4F4WcLCTLsj",1]],[30,"GameRounds",[-64,-65,-66,-67,-68],[[56,-63]],[-110,163,0,0,0,0,1,1,1,1]],[8,"CreateRoom",2,[[1,-69,[2],3],[19,0.95,3,-71,[[2,"f9323NccwJOxolqgGoVJwiy","onCreateRoomClicked",2]],[4,4292269782],-70],[43,8,50,240.5,159,-72]],[5,383,159],[-398.5,0,0,0,0,0,1,1,1,0]],[8,"JoinRoom",2,[[1,-73,[4],5],[19,0.95,3,-75,[[2,"f9323NccwJOxolqgGoVJwiy","onJoinRoomClicked",2]],[4,4292269782],-74],[44,32,50,-76]],[5,383,159],[398.5,0,0,0,0,0,1,1,1,0]],[31,"BgSub",[-78,6,-79],[[7,1,0,-77,[20],21]],[5,750,400],[0,-32,0,0,0,0,1,1,1,1]],[13,"Label6Rounds",6,[[22,1,"6局",38,38,1,-80,[11]],[10,-82,[[2,"f9323NccwJOxolqgGoVJwiy","on6RoundsSelected",2]],-81]],[4,4280953474],[5,59.13,47.88],[70,0,0,0,0,0,1,1,1,1]],[32,"ButtonConfirm",9,[-86],[[1,-83,[18],19],[16,4,-84],[51,0.95,3,-85,[[2,"f9323NccwJOxolqgGoVJwiy","onCreateRoomConfirmButtonClicked",2]]]],[5,288,77],[0,-153.8,0,0,0,0,1,1.2,1.2,0]],[33,"ReturnToMain",[[1,-87,[24],25],[45,33,3,3,-88],[52,0.95,3,-90,[[2,"f9323NccwJOxolqgGoVJwiy","onCloseCreateRoomClicked",2]],-89]],[5,102,102],[358.3,231.8,0,0,0,0,1,1.2,1.2,0]],[34,"CreateRoomWindow",false,2,[-91,12],[5,845,592],[0,0,0,0,0,0,1,0.9,0.9,1]],[35,"BgRoomWindow",13,[-93,9],[[57,0,-92,[22],23]],[5,845,592]],[39,"Radio6Rounds",6,[[-94,[10,-96,[[2,"f9323NccwJOxolqgGoVJwiy","on6RoundsSelected",2]],-95]],1,4],[5,40,40]],[40,"Radio12Rounds",6,[[-97,[10,-99,[[2,"f9323NccwJOxolqgGoVJwiy","on12RoundsSelected",2]],-98]],1,4],[5,40,40],[200,0,0,0,0,0,1,1,1,1]],[13,"Label12Rounds",6,[[22,1,"12局",38,38,1,-100,[15]],[46,45,229.86499999999995,-310.13500000000005,-26.564,-21.316000000000003,80.27,47.88,-101],[10,-102,[[2,"f9323NccwJOxolqgGoVJwiy","on12RoundsSelected",2]],10]],[4,4280953474],[5,80.2700000000001,47.88],[270,2.6239999999999988,0,0,0,0,1,1,1,1]],[36,"Num25",1,[-104,-105],[[1,-103,[29],30]],[0,"70PaOjtOVKl5uwF1f+E1Xo",1],[5,845,592]],[3,"Z_button_Lose_weight",5,[[1,-106,[31],32],[4,1,-108,[[2,"10a1c8jz95Ju4NnpkOWUfin","onResetClicked",1]],[4,4292269782],-107,33]],[0,"be8IddnDJGgJmFWq5TBx7n",1],[4,4292269782],[5,257,87],[-177,-179,0,0,0,0,1,0.7,0.7,1]],[3,"Z_button_9",5,[[1,-109,[34],35],[4,1,-111,[[2,"10a1c8jz95Ju4NnpkOWUfin","onN9Clicked",1]],[4,4292269782],-110,36]],[0,"83oqgOFaNOQ5jj2TKaj3RT",1],[4,4292269782],[5,259,85],[177,-119,0,0,0,0,1,0.7,0.7,1]],[3,"Z_button_8",5,[[1,-112,[37],38],[4,1,-114,[[2,"10a1c8jz95Ju4NnpkOWUfin","onN8Clicked",1]],[4,4292269782],-113,39]],[0,"c9qPwviQVJK5fSRSLm34BD",1],[4,4292269782],[5,248,85],[0,-119,0,0,0,0,1,0.7,0.7,1]],[3,"Z_button_7",5,[[1,-115,[40],41],[4,1,-117,[[2,"10a1c8jz95Ju4NnpkOWUfin","onN7Clicked",1]],[4,4292269782],-116,42]],[0,"35oEFR6yFFyJ4uWP1MmNX1",1],[4,4292269782],[5,257,85],[-177,-119,0,0,0,0,1,0.7,0.7,1]],[3,"Z_button_6",5,[[1,-118,[43],44],[4,1,-120,[[2,"10a1c8jz95Ju4NnpkOWUfin","onN6Clicked",1]],[4,4292269782],-119,45]],[0,"bbr2aEB9hAWqw7iN9c6cQv",1],[4,4292269782],[5,259,86],[177,-59,0,0,0,0,1,0.7,0.7,1]],[3,"Z_button_5",5,[[1,-121,[46],47],[4,1,-123,[[2,"10a1c8jz95Ju4NnpkOWUfin","onN5Clicked",1]],[4,4292269782],-122,48]],[0,"f0vlxLdahKqJSwkKyKxzY6",1],[4,4292269782],[5,248,86],[0,-59,0,0,0,0,1,0.7,0.7,1]],[3,"Z_button_4",5,[[1,-124,[49],50],[4,1,-126,[[2,"10a1c8jz95Ju4NnpkOWUfin","onN4Clicked",1]],[4,4292269782],-125,51]],[0,"a93zwcQZtCdakLU1VMu9vh",1],[4,4292269782],[5,257,86],[-177,-59,0,0,0,0,1,0.7,0.7,1]],[3,"Z_button_3",5,[[1,-127,[52],53],[4,1,-129,[[2,"10a1c8jz95Ju4NnpkOWUfin","onN3Clicked",1]],[4,4292269782],-128,54]],[0,"b2J3ORSOtI3beNz/LDBGI6",1],[4,4292269782],[5,259,87],[177,2,0,0,0,0,1,0.7,0.7,1]],[3,"Z_button_2",5,[[1,-130,[55],56],[4,1,-132,[[2,"10a1c8jz95Ju4NnpkOWUfin","onN2Clicked",1]],[4,4292269782],-131,57]],[0,"08ms6wJkZKF666HcbXk9d3",1],[4,4292269782],[5,248,87],[0,2,0,0,0,0,1,0.7,0.7,1]],[3,"Z_button_1",5,[[1,-133,[58],59],[53,1,-135,[[2,"10a1c8jz95Ju4NnpkOWUfin","onN1Clicked",1]],[4,4292269782],[4,4286151033],-134,60]],[0,"01tOzfP9lA/qhsWhSjDf3x",1],[4,4292269782],[5,257,87],[-177,2,0,0,0,0,1,0.7,0.7,1]],[3,"Z_button_0",5,[[1,-136,[61],62],[4,1,-138,[[2,"10a1c8jz95Ju4NnpkOWUfin","onN0Clicked",1]],[4,4292269782],-137,63]],[0,"48UnH50jJBw4zoQOX5ELbf",1],[4,4292269782],[5,248,87],[0,-179,0,0,0,0,1,0.7,0.7,1]],[3,"Z_button_Del",5,[[1,-139,[64],65],[4,1,-141,[[2,"10a1c8jz95Ju4NnpkOWUfin","onResetClicked",1]],[4,4292269782],-140,66]],[0,"ceEH7Be/xJD4jBbO1Zmsn6",1],[4,4292269782],[5,259,87],[177,-179,0,0,0,0,1,0.7,0.7,1]],[3,"close",1,[[1,-142,[72],73],[54,0.95,3,-144,[[2,"f9323NccwJOxolqgGoVJwiy","onCloseJoinRoomClicked",2]],[4,4292269782],-143,74]],[0,"5f4e9drH6ZPhaywnudhwJ3Y",1],[4,4292269782],[5,102,102],[370,259,0,0,0,0,1,1,1,0]],[11,"btn_ok",3,[[1,-145,[81],82],[20,1,-147,-146]],[0,"544aeNqBd5JbZQHsA5SbIFM",3],[5,221,70],[-120,-102,0,0,0,0,1,0.8,0.8,1]],[11,"btn_cancel",3,[[1,-148,[83],84],[20,1,-150,-149]],[0,"364dcrZY2JP0JgoFg8PvNfI",3],[5,221,70],[120,-102,0,0,0,0,1,0.8,0.8,1]],[14,"Background",2,[[1,-151,[0],1],[60,1,-152]],[5,1280,720]],[8,"Title",14,[[1,-153,[6],7],[47,false,1,-154]],[5,230,54],[0,240,0,0,0,0,1,1.5,1.5,1]],[8,"LabelGameRounds",9,[[1,-155,[8],9],[48,9,100,10,-156]],[5,82,40],[-221.7,164,0,0,0,0,1,1.3,1.3,1]],[11,"New Sprite",18,[[1,-157,[26],27],[17,1,20,-158]],[0,"3ccd5yYzFEtKl1+Rr4CNtO",1],[5,227,56],[0,248,0,0,0,0,1,1,1,1]],[3,"New Label",18,[[5,"请输入房间号",1,1,-159,[28]],[17,1,110,-160]],[0,"5exlGkmE5L4pn+G/bBLvLn",1],[4,4280361384],[5,240,50.4],[0,160.8,0,0,0,0,1,1,1,1]],[15,"New Layout",30,3,[[7,1,0,-161,[75],76],[23,-162,[5,1280,720]]],[0,"f11f9ITrlhJbbqZuUmjNCkT",3],[5,1280,720]],[15,"New Layout",63,4,[[7,1,0,-163,[85],86],[23,-164,[5,1280,720]]],[0,"8b98bNahuFNG6hdvCi1NEQZ",4],[5,1280,720]],[9,"loading_image",4,[[1,-165,[90],91]],[0,"c3fefzKTgRNL5VgfiSpLfOV",4],[5,102,102]],[61,"New Node",false,[2],[0,0,0],[0,0,0,0,0,0,1,1,1,1]],[37,"Main Camera",2,[[62,7,-1,-166]]],[21,15,[10]],[38,"New Sprite",false,6,[[1,-167,[12],13]],[5,40,40]],[21,16,[14]],[14,"New Sprite",11,[[1,-168,[16],17]],[5,98,47]],[6,"N1",1,[-169],[0,"a6f8bdtqnVIsKs3MW5cL6Qw",1],[4,4279506040],[5,22.25,50.4],[-181,94,0,0,0,0,1,1,1,1]],[5,"9",1,1,48,[67]],[6,"N2",1,[-170],[0,"3c0099vmrRPx5jtxdJkfzCU",1],[4,4279506040],[5,22.25,50.4],[-90,94,0,0,0,0,1,1,1,1]],[5,"9",1,1,50,[68]],[6,"N3",1,[-171],[0,"538dcFqX41G/LRUJpTf6WWB",1],[4,4279506040],[5,22.25,50.4],[1,94,0,0,0,0,1,1,1,1]],[5,"9",1,1,52,[69]],[6,"N4",1,[-172],[0,"7944fToJUZG7pxR55fH8bSe",1],[4,4279506040],[5,22.25,50.4],[92,94,0,0,0,0,1,1,1,1]],[5,"9",1,1,54,[70]],[6,"N5",1,[-173],[0,"d7005p/0WJEpL6ulCmWP7ko",1],[4,4279506040],[5,22.25,50.4],[179,94,0,0,0,0,1,1,1,1]],[5,"9",1,1,56,[71]],[9,"public_frame_a",3,[[7,1,0,-174,[77],78]],[0,"53fe9K8U/NBkKtuKqGJLhMF",3],[5,650,350]],[3,"title",3,[[5,"提示",1,1,-175,[79]]],[0,"3019eV6xSVDa6PegorwuCts",3],[4,4281808813],[5,80,50.4],[0,124,0,0,0,0,1,1,1,1]],[3,"content",3,[[58,30,30,1,1,3,-176,[80]]],[0,"9b7e9yTEBhDpYqg5dnoWF7Y",3],[4,4281808813],[5,600,37.8],[0,16,0,0,0,0,1,1,1,1]],[9,"public_frame_a",4,[[7,1,0,-177,[87],88]],[0,"08edc5qMi1GNIOPT1/+Q4CE",4],[5,400,250]],[6,"New Label",4,[-178],[0,"6ca22GIGnND4ZgWPY/knc9m",4],[4,4281808813],[5,156.95,31.5],[0,78,0,0,0,0,1,1,1,1]],[59," 正在登录游戏",25,25,1,1,62,[89]],[9,"jzshazi",4,[[1,-179,[92],93]],[0,"15461fSawBG87CnfB3s49cE",4],[5,30,31]]],0,[0,6,1,0,-1,49,0,-2,51,0,-3,53,0,-4,55,0,-5,57,0,0,1,0,-1,18,0,-2,5,0,-3,48,0,-4,50,0,-5,52,0,-6,54,0,-7,56,0,-8,31,0,0,2,0,0,2,0,7,46,0,8,44,0,9,13,0,10,4,0,0,2,0,0,2,0,-1,43,0,-2,34,0,-3,7,0,-4,8,0,-5,13,0,-7,3,0,-8,4,0,6,3,0,2,3,0,0,3,0,-1,39,0,-2,58,0,-3,59,0,-4,60,0,-5,32,0,-6,33,0,6,4,0,2,4,0,0,4,0,11,63,0,12,41,0,0,4,0,-1,40,0,-2,61,0,-3,62,0,-4,41,0,-5,64,0,-1,19,0,-2,20,0,-3,21,0,-4,22,0,-5,23,0,-6,24,0,-7,25,0,-8,26,0,-9,27,0,-10,28,0,-11,29,0,-12,30,0,0,6,0,-1,15,0,-2,10,0,-3,45,0,-4,16,0,-5,17,0,0,7,0,2,7,0,0,7,0,0,7,0,0,8,0,2,8,0,0,8,0,0,8,0,0,9,0,-1,36,0,-3,11,0,0,10,0,2,10,0,0,10,0,0,11,0,0,11,0,0,11,0,-1,47,0,0,12,0,0,12,0,2,12,0,0,12,0,-1,14,0,0,14,0,-1,35,0,-1,44,0,2,15,0,0,15,0,-1,46,0,2,16,0,0,16,0,0,17,0,0,17,0,0,17,0,0,18,0,-1,37,0,-2,38,0,0,19,0,2,19,0,0,19,0,0,20,0,2,20,0,0,20,0,0,21,0,2,21,0,0,21,0,0,22,0,2,22,0,0,22,0,0,23,0,2,23,0,0,23,0,0,24,0,2,24,0,0,24,0,0,25,0,2,25,0,0,25,0,0,26,0,2,26,0,0,26,0,0,27,0,2,27,0,0,27,0,0,28,0,2,28,0,0,28,0,0,29,0,2,29,0,0,29,0,0,30,0,2,30,0,0,30,0,0,31,0,2,31,0,0,31,0,0,32,0,2,32,0,0,32,0,0,33,0,2,33,0,0,33,0,0,34,0,0,34,0,0,35,0,0,35,0,0,36,0,0,36,0,0,37,0,0,37,0,0,38,0,0,38,0,0,39,0,0,39,0,0,40,0,0,40,0,0,41,0,0,43,0,0,45,0,0,47,0,-1,49,0,-1,51,0,-1,53,0,-1,55,0,-1,57,0,0,58,0,0,59,0,0,60,0,0,61,0,-1,63,0,0,64,0,13,42,1,5,2,2,5,42,6,5,9,9,5,14,12,5,13,179],[0,0,0,0,0,0,0,0,0,0,0,0,0,0,0,0,0,0,0,0,0,0,0,0,0,0,0,0,0,0,0,0,0,0,0,0,0,0,0,0,0,0,0,0,0,0,0,0,0,0,0,0,0,0,0,0,0,0,0,0,0,0,0,0,0,0,0,0,0,0,0,0,0,0,0,0,0,0,0,0,0,0,0,0,0,0,0,0,0,0,0,0,0,0,0,0,44,46],[-1,1,-1,1,-1,1,-1,1,-1,1,-1,-1,-1,1,-1,-1,-1,1,-1,1,-1,1,-1,1,-1,1,-1,1,-1,-1,1,-1,1,3,-1,1,3,-1,1,3,-1,1,3,-1,1,3,-1,1,3,-1,1,3,-1,1,3,-1,1,3,-1,1,3,-1,1,3,-1,1,3,-1,-1,-1,-1,-1,-1,1,3,-1,1,-1,1,-1,-1,-1,1,-1,1,-1,1,-1,1,-1,-1,1,-1,1,14,15,1,1],[0,23,0,24,0,25,0,26,0,27,0,0,0,3,0,0,0,28,0,29,0,30,0,31,0,1,0,32,0,0,33,0,4,4,0,5,5,0,6,6,0,7,7,0,8,8,0,9,9,0,10,10,0,11,11,0,12,12,0,13,13,0,14,14,0,15,15,0,0,0,0,0,0,1,1,0,16,0,17,0,0,0,34,0,35,0,16,0,17,0,0,36,0,37,2,3,2,2]],[[{"name":"PopupScene8","rect":[0,0,230,54],"offset":[0,0],"originalSize":[230,54],"capInsets":[0,0,0,0]}],[3],0,[0],[4],[38]]]]