[1,["ecpdLyjvZBwrvm+cedCcQy","04CNfHJvlAz7WWG0Hknz+V","ffpMhu1itM0aA/60w1CVuM","ffDpHHVcZAhqOfy25Fe4w7","0dJ1ENV6xKbL2ibKLYTykD","86zG8f5ftAToa4tSMg6C+e","573u7bCxNOCqtONCFlw+Sr","132FHBiwNAOZ8y3PRpur4J","a8uSRHUg1GBKjhrgBvLFOW","41MaJ+UOlA6bn/vPUPXSTu","e97GVMl6JHh5Ml5qEDdSGa","f0BIwQ8D5Ml7nTNQbh1YlS","29FYIk+N1GYaeWH/q1NxQO","76rbcRWIlEfLBIU1A/ZDIX","71VhFCTINJM6/Ky3oX9nBT","67sAWFZUFA0pXMmF/W1Dd3","58GQDUhJBOSY/leoAf1gSi","c6mE3MC95LkoWkGW0r5T3J","0885Q/fiNAMbUYVn9S6v0I","b4P/PCArtIdIH38t6mlw8Y","e8Ueib+qJEhL6mXAHdnwbi","ed0hW5J5ZKBar1gflskoHO","9fwAWVL4JDSZLqBIOiKoew"],["node","_textureSetter","_spriteFrame","_N$target","_N$normalSprite","status","password","username","scene","_parent","_N$pressedSprite","_N$hoverSprite","_N$disabledSprite"],["cc.SpriteFrame",["cc.Node",["_name","_id","_active","_opacity","_components","_parent","_trs","_contentSize","_children","_color"],-1,9,1,7,5,2,5],["cc.Widget",["_alignFlags","alignMode","_bottom","_originalWidth","_originalHeight","_left","node"],-3,1],["cc.Sprite",["_type","_sizeMode","node","_materials","_spriteFrame"],1,1,3,6],["cc.Label",["_N$verticalAlign","_fontSize","_lineHeight","_N$horizontalAlign","_string","_enableWrapText","_N$overflow","node","_materials"],-4,1,3],["cc.Node",["_name","_objFlags","_active","_parent","_components","_contentSize","_anchorPoint","_trs","_color"],0,1,12,5,5,7,5],["cc.Button",["zoomScale","_N$transition","node","clickEvents","_N$target","_N$pressedColor","_N$disabledColor","_N$normalSprite","_N$normalColor","_N$pressedSprite","_N$hoverSprite","_N$disabledSprite"],1,1,9,1,5,5,6,5,6,6,6],["cc.Node",["_name","_parent","_components","_contentSize","_trs","_children","_color"],2,1,2,5,7,2,5],["cc.EditBox",["_N$inputMode","_N$inputFlag","node","_N$textLabel","_N$placeholderLabel","_N$background"],1,1,1,1,1],["cc.SceneAsset",["_name","asyncLoadAssets"],1],["cc.Canvas",["node","_designResolution"],3,1,5],["a982fjVKdJCPLQYUy78iWqV",["node","username","password","status"],3,1,1,1,1],["cc.ClickEvent",["_componentId","handler","target"],1,1],["85828i1gn9MEoZl2e+F39PS",["scaleMethod","node"],2,1],["cc.Scene",["_name","_children","_anchorPoint","_trs"],2,2,5,7],["cc.Camera",["_clearFlags","node"],2,1]],[[1,0,5,4,7,6,2],[2,1,0,5,3,4,6,6],[3,2,3,4,1],[2,1,0,2,6,4],[12,0,1,2,3],[7,0,1,5,2,3,4,2],[5,0,1,3,4,5,3],[5,0,1,2,3,4,5,6,7,4],[5,0,1,3,4,8,5,6,7,3],[2,0,2,6,3],[2,1,0,3,4,6,5],[3,0,1,2,3,3],[4,4,3,0,7,8,4],[4,1,2,5,0,6,7,6],[4,1,2,5,0,6,7,8,6],[9,0,1,3],[1,0,1,8,4,7,6,3],[1,0,2,5,8,4,6,3],[1,0,5,8,4,6,2],[1,0,5,4,7,2],[1,0,5,4,9,7,6,2],[1,0,5,8,4,7,6,2],[1,0,5,4,2],[1,0,3,5,4,7,6,3],[7,0,1,2,6,3,4,2],[10,0,1,1],[11,0,1,2,3,1],[2,0,6,2],[3,0,1,2,3,4,3],[3,0,2,3,4,2],[3,1,2,3,4,2],[6,0,1,2,3,5,6,4,7,3],[6,0,1,2,3,8,5,6,4,7,9,10,11,3],[6,2,3,4,1],[13,0,1,2],[4,4,1,2,3,0,7,8,6],[4,3,0,7,8,3],[14,0,1,2,3,2],[15,0,1,2],[8,0,2,3,4,5,2],[8,1,0,2,3,4,5,3]],[[[{"name":"btn_weixin_login","rect":[0,0,406,156],"offset":[0,0],"originalSize":[406,156],"capInsets":[0,0,0,0]}],[0],0,[0],[1],[4]],[[{"name":"check_mark","rect":[0,0,59,48],"offset":[0,0],"originalSize":[59,48],"capInsets":[0,0,0,0]}],[0],0,[0],[1],[5]],[[[15,"Login",null],[16,"Canvas","ccN72JM4NFEbXY1NirpXzz",[-7,-8,-9,-10,-11,-12,-13],[[25,-1,[5,1280,720]],[26,-5,-4,-3,-2],[27,45,-6]],[5,1280,720],[640,360,0,0,0,0,1,1,1,1]],[17,"AccountInput",false,1,[-15,-16,-17,-18,-19,-20],[[9,20,420,-14]],[0,100,0,0,0,0,1,1,1,1]],[0,"LoginButton",1,[[28,1,0,-21,[3],4],[31,0.95,3,-23,[[4,"a982fjVKdJCPLQYUy78iWqV","onWxLoginClicked",1]],[4,4294967295],[4,4294967295],-22,5],[3,0,4,100,-24]],[5,406,156],[0,-182,0,0,0,0,1,1,1,0]],[0,"TravelerLogin",1,[[32,0.95,3,-26,[[4,"a982fjVKdJCPLQYUy78iWqV","onTravellerLogin",1]],[4,4293322470],[4,4291348680],[4,3363338360],-25,12,13,14,15],[2,-27,[16],17],[9,4,261.5,-28]],[5,397,137],[0,-30,0,0,0,0,1,1,1,0]],[5,"editbox",2,[-30,-31,-32],[-29],[5,300,40],[20,-38,0,0,0,0,1,1,1,1]],[5,"editbox",2,[-34,-35,-36],[-33],[5,300,40],[20,-119,0,0,0,0,1,1,1,1]],[18,"New Node",1,[-38,-39],[[3,0,4,74,-37]],[0,-286,0,0,0,0,1,1,1,1]],[0,"New Sprite",2,[[2,-40,[24],25],[33,-42,[[4,"a982fjVKdJCPLQYUy78iWqV","onUsernameLogin",1]],-41]],[5,288,92],[0,-200,0,0,0,0,1,1,1,1]],[19,"LoadingPage",1,[[29,1,-43,[0],1],[34,1,-44]],[5,1280,720]],[20,"fangchenmiLabel",1,[[35,"抵制不良游戏 拒绝盗版游戏 注意自我保护 谨防受骗上当 适度游戏益脑 沉迷游戏伤身 合理安排游戏时间 享受健康生活",18,30,1,1,-45,[2]],[3,0,4,5,-46]],[4,4278255615],[5,935.01,37.8],[0,-336.1,0,0,0,0,1,1,1,1]],[21,"New Toggle",7,[-48],[[2,-47,[8],9]],[5,47,48],[-150,0,0,0,0,0,1,1,1,1]],[6,"BACKGROUND_SPRITE",512,5,[[-49,[10,0,45,160,40,-50]],1,4],[5,300,40]],[7,"TEXT_LABEL",512,false,5,[[-51,[1,0,45,2,158,40,-52]],1,4],[5,158,40],[0,0,1],[-78,20,0,0,0,0,1,1,1,1]],[8,"PLACEHOLDER_LABEL",512,5,[[-53,[1,0,45,2,158,40,-54]],1,4],[4,4290493371],[5,298,40],[0,0,1],[-148,20,0,0,0,0,1,1,1,1]],[6,"BACKGROUND_SPRITE",512,6,[[-55,[10,0,45,160,40,-56]],1,4],[5,300,40]],[7,"TEXT_LABEL",512,false,6,[[-57,[1,0,45,2,158,40,-58]],1,4],[5,158,40],[0,0,1],[-78,20,0,0,0,0,1,1,1,1]],[8,"PLACEHOLDER_LABEL",512,6,[[-59,[1,0,45,2,158,40,-60]],1,4],[4,4290493371],[5,298,40],[0,0,1],[-148,20,0,0,0,0,1,1,1,1]],[37,"New Node",[1],[0,0,0],[0,0,0,0,0,0,1,1,1,1]],[22,"Main Camera",1,[[38,7,-61]]],[0,"checkmark",11,[[30,2,-62,[6],7]],[5,59,48],[2,0,0,0,0,0,1,1,1,1]],[23,"New Sprite",180,7,[[2,-63,[10],11]],[5,579,43],[2,0,0,0,0,0,1,1,1,1]],[0,"label",2,[[12,"密码",1,1,-64,[18]]],[5,80,50.4],[-198,-119,0,0,0,0,1,1,1,1]],[0,"label",2,[[12,"帐号",1,1,-65,[19]]],[5,80,50.4],[-198,-38,0,0,0,0,1,1,1,1]],[11,1,0,12,[20]],[13,20,25,false,1,1,13],[14,20,25,false,1,1,14,[21]],[39,6,5,25,26,24],[11,1,0,15,[22]],[13,20,25,false,1,1,16],[14,20,25,false,1,1,17,[23]],[40,0,6,6,29,30,28],[24,"labelLoginStatus",2,[-66],[4,4289936953],[5,0,50.4],[3,-288,0,0,0,0,1,1,1,1]],[36,1,1,32,[26]]],0,[0,0,1,0,5,33,0,6,31,0,7,27,0,0,1,0,0,1,0,-1,19,0,-2,9,0,-3,10,0,-4,3,0,-5,7,0,-6,4,0,-7,2,0,0,2,0,-1,22,0,-2,23,0,-3,5,0,-4,6,0,-5,8,0,-6,32,0,0,3,0,3,3,0,0,3,0,0,3,0,3,4,0,0,4,0,0,4,0,0,4,0,-1,27,0,-1,12,0,-2,13,0,-3,14,0,-1,31,0,-1,15,0,-2,16,0,-3,17,0,0,7,0,-1,11,0,-2,21,0,0,8,0,3,8,0,0,8,0,0,9,0,0,9,0,0,10,0,0,10,0,0,11,0,-1,20,0,-1,24,0,0,12,0,-1,25,0,0,13,0,-1,26,0,0,14,0,-1,28,0,0,15,0,-1,29,0,0,16,0,-1,30,0,0,17,0,0,19,0,0,20,0,0,21,0,0,22,0,0,23,0,-1,33,0,8,18,1,9,18,66],[0,0,0,0,0,0,0,0,0,0,0,0,0,0,0,0,0,0,0,0,0,0,0,0,0,0,0,24,28],[-1,2,-1,-1,2,4,-1,2,-1,2,-1,2,4,10,11,12,-1,2,-1,-1,-1,-1,-1,-1,-1,2,-1,2,2],[0,6,0,0,1,1,0,7,0,8,0,9,2,10,11,12,0,2,0,0,0,0,0,0,0,13,0,3,3]],[[{"name":"default_btn_disabled","rect":[0,0,40,40],"offset":[0,0],"originalSize":[40,40],"capInsets":[12,12,12,12]}],[0],0,[0],[1],[14]],[[{"name":"yonghuxieyi","rect":[0,0,579,43],"offset":[0,0],"originalSize":[579,43],"capInsets":[0,0,0,0]}],[0],0,[0],[1],[15]],[[{"name":"bg2","rect":[0,0,1280,720],"offset":[0,0],"originalSize":[1280,720],"capInsets":[0,0,0,0]}],[0],0,[0],[1],[16]],[[{"name":"Login_dl1","rect":[1,0,288,92],"offset":[0,0.5],"originalSize":[290,93],"capInsets":[0,0,0,0]}],[0],0,[0],[1],[17]],[[{"name":"btn_checkbox","rect":[0,0,47,48],"offset":[0,0],"originalSize":[47,48],"capInsets":[0,0,0,0]}],[0],0,[0],[1],[18]],[[{"name":"default_btn_pressed","rect":[0,0,40,40],"offset":[0,0],"originalSize":[40,40],"capInsets":[12,12,12,12]}],[0],0,[0],[1],[19]],[[{"name":"default_btn_normal","rect":[0,0,40,40],"offset":[0,0],"originalSize":[40,40],"capInsets":[12,12,12,12]}],[0],0,[0],[1],[20]],[[{"name":"default_editbox_bg","rect":[0,0,40,40],"offset":[0,0],"originalSize":[40,40],"capInsets":[12,12,12,12]}],[0],0,[0],[1],[21]],[[{"name":"btn_ traveler","rect":[0,0,397,137],"offset":[0,0],"originalSize":[397,137],"capInsets":[0,0,0,0]}],[0],0,[0],[1],[22]]]]