[1,["ecpdLyjvZBwrvm+cedCcQy","abVyVj8eZGsrL/NH9eAcpU","20QrgA04tCxo/UMYqZVi4K"],["node","scene","_parent","_spriteFrame","_textureSetter"],[["cc.Node",["_name","_id","_components","_contentSize","_parent","_children","_trs"],1,9,5,1,2,7],"cc.SpriteFrame",["cc.SceneAsset",["_name","asyncLoadAssets"],1],["cc.Canvas",["node","_designResolution"],3,1,5],["464efWj9iVHTL1j6J886qXv",["node"],3,1],["cc.Widget",["_alignFlags","node"],2,1],["cc.Scene",["_name","_children","_anchorPoint","_trs"],2,2,5,7],["cc.Camera",["_clearFlags","_depth","node"],1,1],["cc.Sprite",["node","_materials","_spriteFrame"],3,1,3,6]],[[2,0,1,3],[0,0,1,5,2,3,6,3],[0,0,4,2,2],[0,0,4,2,3,2],[3,0,1,1],[4,0,1],[5,0,1,2],[6,0,1,2,3,2],[7,0,1,2,3],[8,0,1,2,1]],[[[[0,"Start",null],[1,"Canvas","785VQkLXdDJ5zYgGasQrxl",[-4,-5],[[4,-1,[5,1280,720]],[5,-2],[6,45,-3]],[5,1280,720],[640,360,0,0,0,0,1,1,1,1]],[7,"New Node",[1],[0,0,0],[0,0,0,0,0,0,1,1,1,1]],[2,"Main Camera",1,[[8,7,-1,-6]]],[3,"StartPage",1,[[9,-7,[0],1]],[5,1280,720]]],0,[0,0,1,0,0,1,0,0,1,0,-1,3,0,-2,4,0,0,3,0,0,4,0,1,2,1,2,2,7],[0,0],[-1,3],[0,1]],[[{"name":"splash","rect":[0,0,1280,720],"offset":[0,0],"originalSize":[1280,720],"capInsets":[0,0,0,0]}],[1],0,[0],[4],[2]]]]