[1,["ecpdLyjvZBwrvm+cedCcQy","58GQDUhJBOSY/leoAf1gSi","a3E864vhxBUpsnQ5+lmrIs","573u7bCxNOCqtONCFlw+Sr"],["node","_parent","tipLabel","_textureSetter","versionLabel","scene","manifestUrl","_spriteFrame"],[["cc.Node",["_name","_id","_components","_parent","_contentSize","_trs","_children","_color"],1,9,1,5,7,12,5],["cc.Widget",["_alignFlags","_bottom","_right","alignMode","node"],-1,1],["cc.Node",["_name","_skewX","_parent","_components","_contentSize","_trs","_color"],1,1,2,5,7,5],["cc.Label",["_string","_fontSize","_lineHeight","_N$horizontalAlign","_N$verticalAlign","_materials","node"],-2,3,1],"cc.SpriteFrame",["cc.SceneAsset",["_name","asyncLoadAssets"],1],["cc.Node",["_name","_parent","_children","_components","_contentSize","_trs"],2,1,2,9,5,7],["cc.Canvas",["node","_designResolution"],3,1,5],["cc.Camera",["node"],3,1],["7ee377ItBVP9qB/L0MxRA09",["node","tipLabel","versionLabel","manifestUrl"],3,1,1,1,6],["1788a/6IDpFP5Tgdt/R8S1z",["node","tipLabel"],3,1,1],["cc.Sprite",["node","_materials","_spriteFrame"],3,1,3,6],["85828i1gn9MEoZl2e+F39PS",["scaleMethod","node"],2,1],["cc.Scene",["_name","_children","_anchorPoint","_trs"],2,2,5,7]],[[3,0,1,2,3,4,6,5,6],[3,0,1,2,3,4,5,6],[5,0,1,3],[0,0,1,6,2,4,5,3],[0,0,3,2],[0,0,3,2,2],[0,0,3,2,4,2],[0,0,3,2,7,4,5,2],[6,0,1,2,3,4,5,2],[2,0,1,2,3,6,4,5,3],[2,0,2,3,4,5,2],[7,0,1,1],[1,0,4,2],[1,0,2,1,4,4],[1,3,0,1,4,4],[8,0,1],[9,0,1,2,3,1],[10,0,1,1],[11,0,1,2,1],[12,0,1,2],[13,0,1,2,3,2]],[[[{"name":"bg2","rect":[0,0,1280,720],"offset":[0,0],"originalSize":[1280,720],"capInsets":[0,0,0,0]}],[4],0,[0],[3],[1]],[[[2,"Loading",null],[3,"Canvas","ccN72JM4NFEbXY1NirpXzz",[[-3,-4,-5,-6,[4,"hotUpdate",-7],-8],1,1,1,1,4,1],[[11,-1,[5,1280,720]],[12,45,-2]],[5,1280,720],[640,360,0,0,0,0,1,1,1,1]],[5,"Main Camera",1,[[15,-9],[16,-12,-11,-10,1],[17,-14,-13]]],[8,"label",1,[-17],[[0,"当前版本号",30,30,1,1,-15,[2]],[13,36,120,671.373,-16]],[5,150,37.8],[445,330.273,0,0,0,0,1,1,1,1]],[1,"正在连接服务器...",30,50,1,1,[0]],[6,"LoadingPage",1,[[18,-18,[4],5],[19,1,-19]],[5,1280,720]],[7,"fangchenmiLabel",1,[[0,"抵制不良游戏 拒绝盗版游戏 注意自我保护 谨防受骗上当 适度游戏益脑 沉迷游戏伤身 合理安排游戏时间 享受健康生活",18,30,1,1,-20,[6]],[14,0,4,1.1000000000000014,-21]],[4,4278255615],[5,935.01,37.8],[0,-340,0,0,0,0,1,1,1,1]],[20,"New Node",[1],[0,0,0],[0,0,0,0,0,0,1,1,1,1]],[9,"connectLabel",0.3,1,[4],[4,4289936953],[5,235,63],[0,-60,0,0,0,0,1,1,1.0000137,1]],[1,"1.0.0",30,30,1,1,[3]],[10,"New Label",3,[9],[5,66.72,37.8],[126.134,1.386,0,0,0,0,1,1,1,1]]],0,[0,0,1,0,0,1,0,-1,2,0,-2,5,0,-3,8,0,-4,6,0,1,1,0,-6,3,0,0,2,0,4,9,0,2,4,0,0,2,0,2,4,0,0,2,0,0,3,0,0,3,0,-1,10,0,0,5,0,0,5,0,0,6,0,0,6,0,5,7,1,1,7,4,0,8,9,0,10,21],[0,0,0,0,0,0,0],[-1,6,-1,-1,-1,7,-1],[0,2,0,0,0,3,0]]]]